{
  "out_of_scope": {
    "precision": 0.8333333333333334,
    "recall": 0.8333333333333334,
    "f1-score": 0.8333333333333334,
    "support": 6,
    "confused_with": {
      "goodbye": 1
    }
  },
  "healthy_patient": {
    "precision": 0.8333333333333334,
    "recall": 1.0,
    "f1-score": 0.9090909090909091,
    "support": 5,
    "confused_with": {}
  },
  "bot_challenge": {
    "precision": 1.0,
    "recall": 0.75,
    "f1-score": 0.8571428571428571,
    "support": 4,
    "confused_with": {
      "out_of_scope": 1
    }
  },
  "inform_symptoms": {
    "precision": 1.0,
    "recall": 1.0,
    "f1-score": 1.0,
    "support": 8,
    "confused_with": {}
  },
  "goodbye": {
    "precision": 0.8461538461538461,
    "recall": 1.0,
    "f1-score": 0.9166666666666666,
    "support": 11,
    "confused_with": {}
  },
  "greet": {
    "precision": 1.0,
    "recall": 0.8,
    "f1-score": 0.888888888888889,
    "support": 5,
    "confused_with": {
      "goodbye": 1
    }
  },
  "unhealthy_patient": {
    "precision": 1.0,
    "recall": 0.75,
    "f1-score": 0.8571428571428571,
    "support": 4,
    "confused_with": {
      "healthy_patient": 1
    }
  },
  "accuracy": 0.9069767441860465,
  "macro avg": {
    "precision": 0.9304029304029304,
    "recall": 0.8761904761904763,
    "f1-score": 0.8946093588950731,
    "support": 43
  },
  "weighted avg": {
    "precision": 0.9180083482409065,
    "recall": 0.9069767441860465,
    "f1-score": 0.9053575623343065,
    "support": 43
  },
  "micro avg": {
    "precision": 0.9069767441860465,
    "recall": 0.9069767441860465,
    "f1-score": 0.9069767441860465,
    "support": 43
  }
}